Part Number,Part Name
BPF10302,GS Mobile Harness
BPF11855,ATU 300 Adaptor
PF90583,Implement Receiver Harness
PFP10470,Gender Adaptor
PF80722,Harness - StarFire™ Position Receiver to Cab Roof Bulkhead
RE174725,Harness - GreenStar™ ISO Implement - Row Crop Tractors
BPF11333,GreenStar Ready Harness Kit - 6M (MY16) FT4 Cab
BPF10994,"GreenStar Power Harness - 6110M, 6120M, 6130M, 6135M,"
BPF11859,GreenStar RS232 Harness Kit
BPF12133,"AutoTrac™ Universal Steering Supplemental Kit - ""AA"
PF90676,iGrade™ or Surface Water Pro Receiver Mounting Kit
PF90350,Harness - StarFire™ Position Receiver Radar Adapter
PF90688,"Harness - John Deere 4640 Universal Display, GreenStar 3 or"
BPF11527,"Harness - G5 Universal Display, 4640 Universal Display to"
PF90363,"Harness –  G5 Universal Display, Gen 4 4640 Universal Display"
PF90768,Harness - GreenStar or John Deere G5 Universal Display - 35
BPF11814,"GreenStar 3 2630 to G5Plus Universal Upgrade Kit - 4630, 4730,"
BPF11815,"GreenStar 3 2630 to G5Plus Universal Upgrade Kit - 4730, 4830,"
PF91009,Deluxe Shroud Conversion Bracket Kit
PF91010,Deluxe Shroud Conversion Bracket Kit
AH211594,Combine StarFire™ Position Receiver Bracket - 60 Series
AZ103900,GreenStar™ SPFH Bracket Kit
PF10758,Combine StarFire™ Position Receiver Bracket - 50 Series
PF90430,Bracket - GreenStar™ Dual Display
RE221798,Sprayer StarFire™ Position Receiver Bracket - 4930 or 4720
BPF11274,StarFire Receiver Bracket Kit - (MY13-MY16) 6M Tractors
BPF11356,StarFire Receiver Universal Mounting Bar Kit
BPF11184,GreenStar Tractor Harness Bundle -  6B Tractors
PF90822,High Current Power Adapter Harness - Four-wheel drive (4WD)
PF90824,High Current Power Extension Harness (10 m)
PF90825,High Current Power Extension Harness (3 m)
PF90826,Bracket Assembly - John Deere 2510 Series Applicators
BPF11173,"John Deere Application Controller Mounting Hardware - 9R,"
BPF11284,Front Extension Harness (10 m)
BPF10674,"GreenStar™ Ready Tractor Kit - 6110R, 6120R, 6130R (FT4),"
BPF11185,StarFire Receiver Bracket Bundle
BPF11285,Front Extension Harness (3 m)
BPF11686,John Deere Application Controller Mounting Hardware - 6R FT4
BPF10390,"GreenStar™ Ready Tractor Kit - 6105R, 6115R, 6125R, 6130R (IT4), 6140R, 6150R, 6170R, 6190R, or 6210R with Standard Roof"
BPF10391,"(IT4), 6140R, 6150R, 6170R, 6190R, or 6210R with Panorama"
BPF10673,"GreenStar™ Ready Tractor Kit -  For 6110R, 6120R, 6130R (FT4), 6135R, 6145R, 6155R, 6175R, 6195R, 6215R"
BPF12234,GreenStar™ Ready Tractor Kit - 9000 or 9020 Series
BPF11878,Harness for 4600 CommandCenter™ Third-Party Controller Kit
BPF11873,Gen 4 4640 and 4240 Universal Display Mount – Open Station
PF90549,Implement Mast - John Deere CCS™ Planter With Refuge Plus™
PF90525,Implement Mast - John Deere CCS™ Planter without Refuge
BPF11445,John Deere 4640 Universal Display and Extended Monitor
BPF11426,"AutoTrac Tractor Hydraulic Kit - 6110M, 6120M, 6130M"
BPF11186,"G5 Universal Display Mounting Bracket  - Combines, S-series and newer"
BPF11839,"G5 Universal Display Mounting Bracket  - Combines, 70 Series"
BPF10019,Active Implement Guidance Implement Feedback Harness
BPF10018,iGrade™ or Active Implement Guidance Implement CAN
BPF10200,Harness - StarFire™ Position Receiver Extension (30 cm)
PF90686,Harness - Original GreenStar™ Display and Mobile Processor to
PF90781,Deluxe Shroud Conversion Bracket Kit - RTK Base Station and Tripod
BPF12227,"GreenStar™ Tractor Bracket Kit - 7720-7920 Models and 8000, 8010, 8020 Series"
PF90500,GreenStar™ Bracket Kit - 60 or 70 Series Combines and 4095 or 400 Series Windrowers
BPF12228,GreenStar™ Tractor Bracket Kit - 9020 Series
BPF11638,Harness - Gen4 4240 or G5 Universal display to Machine 19-pin
BPF11914,Harness - 5m Extended Monitor Cable
BPF12144,Hardware Kit - Desktop Universal Training
PF90687,"GreenStar 2, and GreenStar 3 Displays 19 way to 26 way"
BPF12460,"GreenStar 3 2630 to G5Plus Universal Conversion Kit - S500, S600, T & W Series Combines"
BPF12461,GreenStar 3 2630 to G5Plus Universal Conversion Kit - CH570 and CH670 Sugar Cane Harvesters
BPF12468,"GreenStar 3 2630 to G5Plus Universal Upgrade Kit - R4030, R4038, R4045 Sprayers"
BPF10159,
BPF10576,
BPF10996,"AutoTrac Tractor Base Kit - 6110M, 6120M, 6130M, 6135M,"
BPF11445,
PF90575,Rate Controller Anhydrous Ammonia (NH3) Adapter Harness
PF90576,Rate Controller Liquid Fertilizer Adapter Harness
PF90577,Rate Controller Implement Height Sensor
PF90598,Rate Controller Planter Clutch Half-Width Adapter Harness
PF90599,Rate Controller Pull-Type Sprayer Adapter Harness
PF90620,Rate Controller Kinze Planter Half-Width Adapter Harness
PF90621,Rate Controller Hardi Adapter Harness
PF90683,"Rate Controller Central Commodity SystemDrill Clutch Adapter Harness - 1690, 1890 and 1990 CCS Models"
PF90786,"Rate Controller Implement Height Sensor Bracket Kit - Nutrient Applicators (2510S, 2510C & 2510H)"
PF90401,RTK Radio Extension Harness - 91.44 m (300 ft)
PF90450,RTK Radio Extension Harness - 15.24 m (50 ft)
PF90740,John Deere RTK Radio Cover
PF90884,RTK Base Station Extension Harness - 6.096 m (20 ft)
PF90885,RTK Universal StarFire™ Mounting Bracket for iTC StarFire
PF91099,RTK Universal Base Station Bundle 450
PF91102,Magnetic Rover Antenna - John Deere RTK  Radio 450
PF91105,Hi-Gain Base Antenna
PF90780,Deluxe Shroud Conversion Bracket Kit - 6020 or 6030 Series or
BPF10839,Repeater Kit for RTK Radio 900
PF90347,Magnetic Rover Antenna - John Deere RTK Radio 900
BPF11878,
BPF11873,
PFP16073,Ethernet Cable
PFP11273,Ethernet Cable
PFP11275,Ethernet Cable
HXE102379,MTG Bracket
HXE102380,MTG Bracket
